"category","subcategory","ID","Description","GeneRatio","BgRatio","RichFactor","FoldEnrichment","zScore","pvalue","p.adjust","qvalue","geneID","Count","Database","Contrast"
"Metabolism","Global and overview maps","hsa01212","Fatty acid metabolism","10/202","57/7119",0.175438596491228,6.18290776446066,6.7134048827642,3.65406697802248e-06,0.00102679282082432,0.00100390682238302,"60481/79993/31/2181/2194/6319/126129/9415/9200/79966",10,"KEGG","Apalu_vs_Control_DHT"
"Metabolism","Lipid metabolism","hsa01040","Biosynthesis of unsaturated fatty acids","6/202","27/7119",0.222222222222222,7.83168316831683,6.07744481887454,8.7127605467514e-05,0.0103924261667947,0.0101607912700259,"60481/79993/6319/9415/9200/79966",6,"KEGG","Apalu_vs_Control_DHT"
"Metabolism","Lipid metabolism","hsa00100","Steroid biosynthesis","5/202","18/7119",0.277777777777778,9.78960396039604,6.38030723577203,0.000110951169040512,0.0103924261667947,0.0101607912700259,"10682/1718/6646/1717/2222",5,"KEGG","Apalu_vs_Control_DHT"
"Organismal Systems","Endocrine system","hsa03320","PPAR signaling pathway","8/202","65/7119",0.123076923076923,4.33754760091394,4.61915151311003,0.00046048753525061,0.0323492493513554,0.0316282228158972,"2181/1622/6319/3157/126129/9415/79966/2172",8,"KEGG","Apalu_vs_Control_DHT"
"Organismal Systems","Digestive system","hsa04976","Bile secretion","8/202","80/7119",0.1,3.52425742574257,3.87988579385359,0.00184019379449662,0.10341889125071,0.101113806392341,"10257/3949/7367/3781/9429/8647/8671/113",8,"KEGG","Apalu_vs_Control_DHT"
"Organismal Systems","Endocrine system","hsa04913","Ovarian steroidogenesis","5/202","40/7119",0.125,4.40532178217822,3.69060855896796,0.00513565514779547,0.210053553520303,0.205371708068174,"3480/3949/113/8644/1583",5,"KEGG","Apalu_vs_Control_DHT"
"Environmental Information Processing","Signal transduction","hsa04152","AMPK signaling pathway","9/202","115/7119",0.0782608695652174,2.75811450710288,3.24802076981592,0.00523265079943816,0.210053553520303,0.205371708068174,"31/5208/3480/2194/6319/8660/126129/148/79966",9,"KEGG","Apalu_vs_Control_DHT"
"Human Diseases","Endocrine and metabolic disease","hsa04936","Alcoholic liver disease","8/202","109/7119",0.073394495412844,2.58661095467345,2.85246600450558,0.0120223694666767,0.418687100074501,0.409355059447256,"31/2194/23175/6319/3553/126129/126/79966",8,"KEGG","Apalu_vs_Control_DHT"
"Metabolism","Lipid metabolism","hsa00061","Fatty acid biosynthesis","3/202","18/7119",0.166666666666667,5.87376237623762,3.53782735771195,0.0134099071198239,0.418687100074501,0.409355059447256,"31/2181/2194",3,"KEGG","Apalu_vs_Control_DHT"
"Metabolism","Lipid metabolism","hsa00590","Arachidonic acid metabolism","5/202","56/7119",0.0892857142857143,3.14665841584158,2.75586628993908,0.0207300739873934,0.534920652943644,0.522997903795808,"5320/3248/8644/242/8529",5,"KEGG","Apalu_vs_Control_DHT"
"Human Diseases","Cancer: overview","hsa05202","Transcriptional misregulation in cancer","10/202","168/7119",0.0595238095238095,2.09777227722772,2.46058880855553,0.0209399543856942,0.534920652943644,0.522997903795808,"85414/4094/7113/3206/3480/3248/860/3486/3205/171558",10,"KEGG","Apalu_vs_Control_DHT"
"Environmental Information Processing","Membrane transport","hsa02010","ABC transporters","4/202","41/7119",0.0975609756097561,3.43829992755373,2.67558999737229,0.0280999744039513,0.658007733959194,0.64334151924836,"10257/9429/8647/9619",4,"KEGG","Apalu_vs_Control_DHT"
NA,NA,"hsa04081","Hormone signaling","9/202","154/7119",0.0584415584415584,2.05963096309631,2.27169608162128,0.0307800242420739,0.66532206246329,0.65049282001468,"4986/3480/59345/113/269/657/4880/8660/148",9,"KEGG","Apalu_vs_Control_DHT"
"Organismal Systems","Digestive system","hsa04979","Cholesterol metabolism","4/202","45/7119",0.0888888888888889,3.13267326732673,2.45241431816451,0.037905725727406,0.68172973053245,0.666534780554296,"3949/6646/8647/4864",4,"KEGG","Apalu_vs_Control_DHT"
"Organismal Systems","Sensory system","hsa04750","Inflammatory mediator regulation of TRP channels","6/202","89/7119",0.0674157303370786,2.37590388252308,2.23203615787559,0.0402691699257004,0.68172973053245,0.666534780554296,"5583/79054/5734/2150/113/3553",6,"KEGG","Apalu_vs_Control_DHT"
"Metabolism","Lipid metabolism","hsa00062","Fatty acid elongation","3/202","28/7119",0.107142857142857,3.7759900990099,2.51500570482723,0.0438065987249709,0.68172973053245,0.666534780554296,"60481/79993/9200",3,"KEGG","Apalu_vs_Control_DHT"
"Human Diseases","Drug resistance: antineoplastic","hsa01523","Antifolate resistance","3/202","28/7119",0.107142857142857,3.7759900990099,2.51500570482723,0.0438065987249709,0.68172973053245,0.666534780554296,"10257/9429/3553",3,"KEGG","Apalu_vs_Control_DHT"
"Organismal Systems","Circulatory system","hsa04270","Vascular smooth muscle contraction","7/202","115/7119",0.0608695652173913,2.14520017219113,2.11569492763186,0.0446491889301135,0.68172973053245,0.666534780554296,"5320/5583/113/4880/148/59/1909",7,"KEGG","Apalu_vs_Control_DHT"
"Human Diseases","Substance dependence","hsa05032","Morphine addiction","5/202","70/7119",0.0714285714285714,2.51732673267327,2.18001841834667,0.0479717854710194,0.68172973053245,0.666534780554296,"59345/113/2550/2556/2868",5,"KEGG","Apalu_vs_Control_DHT"
NA,NA,"hsa04082","Neuroactive ligand signaling","8/202","142/7119",0.0563380281690141,1.98549714126342,2.02703369632702,0.0485216890058683,0.68172973053245,0.666534780554296,"4986/59345/2897/2898/113/2550/2556/148",8,"KEGG","Apalu_vs_Control_DHT"
"Metabolism","Glycan biosynthesis and metabolism","hsa00604","Glycosphingolipid biosynthesis - ganglio series","2/202","14/7119",0.142857142857143,5.03465346534653,2.58216508646111,0.0582796696430455,0.72199237579749,0.705900019041562,"8869/81849",2,"KEGG","Apalu_vs_Control_DHT"
"Metabolism","Lipid metabolism","hsa00564","Glycerophospholipid metabolism","6/202","98/7119",0.0612244897959184,2.15770862800566,1.97200771644363,0.0593921882256812,0.72199237579749,0.705900019041562,"5320/129642/5833/8611/23175/51365",6,"KEGG","Apalu_vs_Control_DHT"
"Organismal Systems","Endocrine system","hsa04927","Cortisol synthesis and secretion","4/202","53/7119",0.0754716981132075,2.65981692508874,2.07255992185659,0.0626987511418475,0.72199237579749,0.705900019041562,"3949/113/8913/1583",4,"KEGG","Apalu_vs_Control_DHT"
"Organismal Systems","Digestive system","hsa04975","Fat digestion and absorption","3/202","33/7119",0.0909090909090909,3.2038703870387,2.1683941855616,0.0658897330352014,0.72199237579749,0.705900019041562,"5320/8611/80168",3,"KEGG","Apalu_vs_Control_DHT"
"Metabolism","Lipid metabolism","hsa00600","Sphingolipid metabolism","4/202","54/7119",0.0740740740740741,2.61056105610561,2.03008292810383,0.0662781640999511,0.72199237579749,0.705900019041562,"8611/6610/123099/64781",4,"KEGG","Apalu_vs_Control_DHT"
"Environmental Information Processing","Signaling molecules and interaction","hsa04080","Neuroactive ligand-receptor interaction","11/202","233/7119",0.0472103004291846,1.66381251859092,1.76049857709743,0.0670675840710936,0.72199237579749,0.705900019041562,"1135/4986/2897/2898/5734/2150/2550/2556/148/1909/7425",11,"KEGG","Apalu_vs_Control_DHT"
"Environmental Information Processing","Signal transduction","hsa04350","TGF-beta signaling pathway","6/202","102/7119",0.0588235294117647,2.07309260337798,1.86533714138213,0.0693729329058087,0.72199237579749,0.705900019041562,"269/100532736/657/4681/8646/3626",6,"KEGG","Apalu_vs_Control_DHT"
"Metabolism","Carbohydrate metabolism","hsa00051","Fructose and mannose metabolism","3/202","35/7119",0.0857142857142857,3.02079207920792,2.04791612490684,0.0759017042898183,0.761727818051391,0.744749805249721,"6652/5208/5373",3,"KEGG","Apalu_vs_Control_DHT"
"Metabolism","Lipid metabolism","hsa00561","Glycerolipid metabolism","4/202","59/7119",0.0677966101694915,2.38932706830005,1.83115008378016,0.0857183277194212,0.83058103755715,0.812068367868201,"129642/8611/23175/80168",4,"KEGG","Apalu_vs_Control_DHT"
"Organismal Systems","Endocrine system","hsa04925","Aldosterone synthesis and secretion","5/202","85/7119",0.0588235294117647,2.07309260337798,1.70075309891653,0.0932376197162928,0.851056538671773,0.832087494262344,"57118/3949/113/8913/1583",5,"KEGG","Apalu_vs_Control_DHT"
"Cellular Processes","Transport and catabolism","hsa04145","Phagosome","7/202","137/7119",0.0510948905109489,1.80071547300715,1.61712790358434,0.0942445312348696,0.851056538671773,0.832087494262344,"113457/3108/715/81035/9902/112714/10382",7,"KEGG","Apalu_vs_Control_DHT"
"Genetic Information Processing","Information processing in viruses","hsa03250","Viral life cycle - HIV-1","4/202","62/7119",0.0645161290322581,2.27371446822102,1.7212884585802,0.09857146377157,0.851056538671773,0.832087494262344,"22936/23299/684/7852",4,"KEGG","Apalu_vs_Control_DHT"
"Human Diseases","Endocrine and metabolic disease","hsa04950","Maturity onset diabetes of the young","2/202","19/7119",0.105263157894737,3.70974465867639,2.02102545595731,0.0999461415522011,0.851056538671773,0.832087494262344,"168620/222546",2,"KEGG","Apalu_vs_Control_DHT"
"Metabolism","Lipid metabolism","hsa00071","Fatty acid degradation","3/202","41/7119",0.0731707317073171,2.5787249456653,1.73236303930092,0.109557590184915,0.898984510345206,0.878947208091773,"2181/126129/126",3,"KEGG","Apalu_vs_Control_DHT"
"Human Diseases","Cancer: overview","hsa05200","Pathways in cancer","18/202","468/7119",0.0384615384615385,1.35548362528561,1.35954892830747,0.114758191155813,0.898984510345206,0.878947208091773,"1612/3915/3480/59345/4824/7855/5734/113/1496/5979/29119/354/6469/112399/3912/1909/7852/284217",18,"KEGG","Apalu_vs_Control_DHT"
"Metabolism","Glycan biosynthesis and metabolism","hsa00534","Glycosaminoglycan biosynthesis - heparan sulfate / heparin","2/202","21/7119",0.0952380952380952,3.35643564356436,1.84796193769887,0.11837162591734,0.898984510345206,0.878947208091773,"90161/2134",2,"KEGG","Apalu_vs_Control_DHT"
"Metabolism","Carbohydrate metabolism","hsa00650","Butanoate metabolism","2/202","21/7119",0.0952380952380952,3.35643564356436,1.84796193769887,0.11837162591734,0.898984510345206,0.878947208091773,"116285/3157",2,"KEGG","Apalu_vs_Control_DHT"
"Human Diseases","Immune disease","hsa05332","Graft-versus-host disease","2/202","22/7119",0.0909090909090909,3.2038703870387,1.76911382320408,0.127879207957441,0.934762527320628,0.913927775353751,"3108/3553",2,"KEGG","Apalu_vs_Control_DHT"
"Metabolism","Metabolism of other amino acids","hsa00440","Phosphonate and phosphinate metabolism","1/202","5/7119",0.2,7.04851485148515,2.31191898755809,0.134083349730341,0.934762527320628,0.913927775353751,"5833",1,"KEGG","Apalu_vs_Control_DHT"
"Human Diseases","Infectious disease: bacterial","hsa05150","Staphylococcus aureus infection","3/202","45/7119",0.0666666666666667,2.34950495049505,1.55182948730651,0.134645537066556,0.934762527320628,0.913927775353751,"3108/715/6404",3,"KEGG","Apalu_vs_Control_DHT"
"Organismal Systems","Nervous system","hsa04727","GABAergic synapse","4/202","70/7119",0.0571428571428571,2.01386138613861,1.45666483548906,0.136830159600867,0.934762527320628,0.913927775353751,"59345/113/2550/2556",4,"KEGG","Apalu_vs_Control_DHT"
"Human Diseases","Immune disease","hsa05321","Inflammatory bowel disease","3/202","46/7119",0.0652173913043478,2.29842875591907,1.50970120132796,0.141204960730251,0.934762527320628,0.913927775353751,"4094/3108/3553",3,"KEGG","Apalu_vs_Control_DHT"
"Environmental Information Processing","Signaling molecules and interaction","hsa04514","Cell adhesion molecule (CAM) interaction","6/202","125/7119",0.048,1.69164356435644,1.33312330767576,0.144020114070433,0.934762527320628,0.913927775353751,"6383/5797/3108/22865/6900/6404",6,"KEGG","Apalu_vs_Control_DHT"
"Metabolism","Lipid metabolism","hsa00592","alpha-Linolenic acid metabolism","2/202","24/7119",0.0833333333333333,2.93688118811881,1.62415768266877,0.147393236836259,0.934762527320628,0.913927775353751,"5320/9415",2,"KEGG","Apalu_vs_Control_DHT"
"Human Diseases","Infectious disease: parasitic","hsa05145","Toxoplasmosis","5/202","99/7119",0.0505050505050505,1.77992799279928,1.33536299800371,0.14969506665277,0.934762527320628,0.913927775353751,"3915/3949/3108/3912/284217",5,"KEGG","Apalu_vs_Control_DHT"
"Organismal Systems","Nervous system","hsa04724","Glutamatergic synapse","5/202","100/7119",0.05,1.76212871287129,1.31155495130768,0.154191230968949,0.941907302223361,0.920913301668092,"9455/59345/2897/2898/113",5,"KEGG","Apalu_vs_Control_DHT"
"Human Diseases","Cardiovascular disease","hsa05412","Arrhythmogenic right ventricular cardiomyopathy","4/202","74/7119",0.0540540540540541,1.9050040139149,1.33727786244883,0.1579027983427,0.94405715604891,0.923015237792716,"1496/29119/27092/284217",4,"KEGG","Apalu_vs_Control_DHT"
"Human Diseases","Infectious disease: parasitic","hsa05143","African trypanosomiasis","2/202","26/7119",0.0769230769230769,2.71096725057121,1.4935135929706,0.167461302094273,0.98034637267689,0.958495610671168,"2150/3553",2,"KEGG","Apalu_vs_Control_DHT"
"Human Diseases","Infectious disease: parasitic","hsa05146","Amoebiasis","4/202","77/7119",0.051948051948052,1.83078307830783,1.25250879181816,0.174446689018686,0.996916976419294,0.974696875240441,"3915/3553/3912/284217",4,"KEGG","Apalu_vs_Control_DHT"
NA,NA,"hsa04981","Folate transport and metabolism","2/202","28/7119",0.0714285714285714,2.51732673267327,1.37467543206339,0.187961190171172,0.996916976419294,0.974696875240441,"10257/9429",2,"KEGG","Apalu_vs_Control_DHT"
"Cellular Processes","Cellular community - eukaryotes","hsa04540","Gap junction","4/202","80/7119",0.05,1.76212871287129,1.17142266711857,0.191557222514241,0.996916976419294,0.974696875240441,"113457/112714/113/10382",4,"KEGG","Apalu_vs_Control_DHT"
"Metabolism","Lipid metabolism","hsa00140","Steroid hormone biosynthesis","3/202","54/7119",0.0555555555555556,1.95792079207921,1.20744174156176,0.197060581510343,0.996916976419294,0.974696875240441,"7367/8644/1583",3,"KEGG","Apalu_vs_Control_DHT"
"Human Diseases","Endocrine and metabolic disease","hsa04940","Type I diabetes mellitus","2/202","29/7119",0.0689655172413793,2.43052236258109,1.31906537788001,0.198338134233345,0.996916976419294,0.974696875240441,"3108/3553",2,"KEGG","Apalu_vs_Control_DHT"
"Environmental Information Processing","Signaling molecules and interaction","hsa04060","Cytokine-cytokine receptor interaction","8/202","198/7119",0.0404040404040404,1.42394239423942,1.03383399186013,0.200211828008042,0.996916976419294,0.974696875240441,"57007/9466/269/657/3553/8718/3626/7852",8,"KEGG","Apalu_vs_Control_DHT"
"Organismal Systems","Digestive system","hsa04974","Protein digestion and absorption","4/202","82/7119",0.048780487804878,1.71914996377687,1.1192533484022,0.20324859252115,0.996916976419294,0.974696875240441,"6510/85301/1290/1803",4,"KEGG","Apalu_vs_Control_DHT"
"Metabolism","Amino acid metabolism","hsa00350","Tyrosine metabolism","2/202","30/7119",0.0666666666666667,2.34950495049505,1.26572223649884,0.208782508568742,0.996916976419294,0.974696875240441,"1644/126",2,"KEGG","Apalu_vs_Control_DHT"
"Organismal Systems","Aging","hsa04213","Longevity regulating pathway - multiple species","3/202","57/7119",0.0526315789473684,1.8548723293382,1.10731356426449,0.219240925866142,0.996916976419294,0.974696875240441,"3480/113/8660",3,"KEGG","Apalu_vs_Control_DHT"
"Cellular Processes","Cell motility","hsa04820","Cytoskeleton in muscle cells","8/202","204/7119",0.0392156862745098,1.38206173558532,0.946124577751581,0.222684884509459,0.996916976419294,0.974696875240441,"2026/6383/4604/85301/1290/4703/22989/284217",8,"KEGG","Apalu_vs_Control_DHT"
"Metabolism","Metabolism of cofactors and vitamins","hsa00830","Retinol metabolism","3/202","58/7119",0.0517241379310345,1.82289177193581,1.07527463101823,0.226747060730232,0.996916976419294,0.974696875240441,"220/7367/126",3,"KEGG","Apalu_vs_Control_DHT"
"Organismal Systems","Immune system","hsa04610","Complement and coagulation cascades","3/202","58/7119",0.0517241379310345,1.82289177193581,1.07527463101823,0.226747060730232,0.996916976419294,0.974696875240441,"2153/715/3053",3,"KEGG","Apalu_vs_Control_DHT"
"Organismal Systems","Endocrine system","hsa04929","GnRH secretion","3/202","58/7119",0.0517241379310345,1.82289177193581,1.07527463101823,0.226747060730232,0.996916976419294,0.974696875240441,"3781/2550/8913",3,"KEGG","Apalu_vs_Control_DHT"
"Genetic Information Processing","Information processing in viruses","hsa03265","Virion - Ebolavirus, Lyssavirus and Morbillivirus","1/202","9/7119",0.111111111111111,3.91584158415842,1.49570576783728,0.228342010843636,0.996916976419294,0.974696875240441,"4864",1,"KEGG","Apalu_vs_Control_DHT"
"Metabolism","Glycan biosynthesis and metabolism","hsa00512","Mucin type O-glycan biosynthesis","2/202","32/7119",0.0625,2.20266089108911,1.16515244279446,0.229825756251778,0.996916976419294,0.974696875240441,"51809/55808",2,"KEGG","Apalu_vs_Control_DHT"
"Metabolism","Carbohydrate metabolism","hsa00040","Pentose and glucuronate interconversions","2/202","33/7119",0.0606060606060606,2.13591359135914,1.11762853264396,0.240402273878654,0.996916976419294,0.974696875240441,"6652/7367",2,"KEGG","Apalu_vs_Control_DHT"
"Human Diseases","Infectious disease: parasitic","hsa05144","Malaria","2/202","33/7119",0.0606060606060606,2.13591359135914,1.11762853264396,0.240402273878654,0.996916976419294,0.974696875240441,"6383/3553",2,"KEGG","Apalu_vs_Control_DHT"
"Cellular Processes","Cell motility","hsa04814","Motor proteins","7/202","178/7119",0.0393258426966292,1.3859439314718,0.891084694555796,0.241362470905582,0.996916976419294,0.974696875240441,"113457/4643/112714/4430/10382/22989/59",7,"KEGG","Apalu_vs_Control_DHT"
"Environmental Information Processing","Signal transduction","hsa04390","Hippo signaling pathway","6/202","149/7119",0.0402684563758389,1.41916406405741,0.883601768317941,0.248149003046698,0.996916976419294,0.974696875240441,"7855/25937/1496/1740/657/29119",6,"KEGG","Apalu_vs_Control_DHT"
"Metabolism","Energy metabolism","hsa00920","Sulfur metabolism","1/202","10/7119",0.1,3.52425742574257,1.36497649898454,0.250265346119246,0.996916976419294,0.974696875240441,"8991",1,"KEGG","Apalu_vs_Control_DHT"
"Metabolism","Amino acid metabolism","hsa00250","Alanine, aspartate and glutamate metabolism","2/202","34/7119",0.0588235294117647,2.07309260337798,1.07177228229046,0.251001460269495,0.996916976419294,0.974696875240441,"80150/8659",2,"KEGG","Apalu_vs_Control_DHT"
"Organismal Systems","Immune system","hsa04672","Intestinal immune network for IgA production","2/202","34/7119",0.0588235294117647,2.07309260337798,1.07177228229046,0.251001460269495,0.996916976419294,0.974696875240441,"3108/7852",2,"KEGG","Apalu_vs_Control_DHT"
"Cellular Processes","Cellular community - eukaryotes","hsa04520","Adherens junction","4/202","90/7119",0.0444444444444444,1.56633663366337,0.923942462368807,0.251890054540106,0.996916976419294,0.974696875240441,"3480/5797/1496/29119",4,"KEGG","Apalu_vs_Control_DHT"
"Organismal Systems","Endocrine system","hsa04920","Adipocytokine signaling pathway","3/202","62/7119",0.0483870967741935,1.70528585116576,0.953118164157405,0.257218624425817,0.9972591889576,0.975031460265719,"2181/8660/126129",3,"KEGG","Apalu_vs_Control_DHT"
"Organismal Systems","Nervous system","hsa04726","Serotonergic synapse","4/202","92/7119",0.0434782608695652,1.53228583727938,0.878111442745854,0.264428069572298,0.9972591889576,0.975031460265719,"59345/3781/1644/242",4,"KEGG","Apalu_vs_Control_DHT"
"Organismal Systems","Immune system","hsa04623","Cytosolic DNA-sensing pathway","3/202","63/7119",0.0476190476190476,1.67821782178218,0.923965967447764,0.264927298279911,0.9972591889576,0.975031460265719,"3553/1687/79792",3,"KEGG","Apalu_vs_Control_DHT"
"Metabolism","Carbohydrate metabolism","hsa00520","Amino sugar and nucleotide sugar metabolism","2/202","36/7119",0.0555555555555556,1.95792079207921,0.984618560390322,0.2722293741524,0.9972591889576,0.975031460265719,"6675/5373",2,"KEGG","Apalu_vs_Control_DHT"
"Human Diseases","Infectious disease: bacterial","hsa05130","Pathogenic Escherichia coli infection","7/202","187/7119",0.0374331550802139,1.31924074760417,0.755971867567517,0.280728673141122,0.9972591889576,0.975031460265719,"113457/4671/4643/112714/4430/3553/10382",7,"KEGG","Apalu_vs_Control_DHT"
"Metabolism","Global and overview maps","hsa01250","Biosynthesis of nucleotide sugars","2/202","37/7119",0.0540540540540541,1.9050040139149,0.943124864996035,0.282840171429067,0.9972591889576,0.975031460265719,"6675/5373",2,"KEGG","Apalu_vs_Control_DHT"
"Metabolism","Amino acid metabolism","hsa00260","Glycine, serine and threonine metabolism","2/202","38/7119",0.0526315789473684,1.8548723293382,0.902903943455823,0.293437733926113,0.9972591889576,0.975031460265719,"27232/51268",2,"KEGG","Apalu_vs_Control_DHT"
"Metabolism","Amino acid metabolism","hsa00380","Tryptophan metabolism","2/202","38/7119",0.0526315789473684,1.8548723293382,0.902903943455823,0.293437733926113,0.9972591889576,0.975031460265719,"51166/1644",2,"KEGG","Apalu_vs_Control_DHT"
"Human Diseases","Cancer: specific types","hsa05215","Prostate cancer","4/202","99/7119",0.0404040404040404,1.42394239423942,0.725858017379974,0.309104528771838,0.9972591889576,0.975031460265719,"7113/3480/4824/354",4,"KEGG","Apalu_vs_Control_DHT"
"Organismal Systems","Immune system","hsa04670","Leukocyte transendothelial migration","4/202","100/7119",0.04,1.40970297029703,0.705061953687715,0.315559249513625,0.9972591889576,0.975031460265719,"1496/10451/29119/7852",4,"KEGG","Apalu_vs_Control_DHT"
"Human Diseases","Immune disease","hsa05322","Systemic lupus erythematosus","4/202","101/7119",0.0396039603960396,1.39574551514557,0.684487931829593,0.322025887223013,0.9972591889576,0.975031460265719,"3108/715/8970/8332",4,"KEGG","Apalu_vs_Control_DHT"
"Metabolism","Carbohydrate metabolism","hsa00620","Pyruvate metabolism","2/202","41/7119",0.048780487804878,1.71914996377687,0.789136081229541,0.32507564363001,0.9972591889576,0.975031460265719,"31/126",2,"KEGG","Apalu_vs_Control_DHT"
"Metabolism","Amino acid metabolism","hsa00360","Phenylalanine metabolism","1/202","14/7119",0.0714285714285714,2.51732673267327,0.971084170552552,0.331932063215741,0.9972591889576,0.975031460265719,"1644",1,"KEGG","Apalu_vs_Control_DHT"
NA,NA,"hsa03272","Virion - Hepatitis viruses","2/202","42/7119",0.0476190476190476,1.67821782178218,0.753294911563505,0.335547056257838,0.9972591889576,0.975031460265719,"3949/1803",2,"KEGG","Apalu_vs_Control_DHT"
"Human Diseases","Endocrine and metabolic disease","hsa04934","Cushing syndrome","5/202","136/7119",0.0367647058823529,1.29568287711124,0.594936202897674,0.342890789754444,0.9972591889576,0.975031460265719,"3949/7855/113/8913/1583",5,"KEGG","Apalu_vs_Control_DHT"
"Human Diseases","Endocrine and metabolic disease","hsa04930","Type II diabetes mellitus","2/202","44/7119",0.0454545454545455,1.60193519351935,0.684397856923482,0.356340938052109,0.9972591889576,0.975031460265719,"8913/8660",2,"KEGG","Apalu_vs_Control_DHT"
"Organismal Systems","Immune system","hsa04658","Th1 and Th2 cell differentiation","3/202","76/7119",0.0394736842105263,1.39115424700365,0.585830246584351,0.366374888965073,0.9972591889576,0.975031460265719,"4094/3108/84441",3,"KEGG","Apalu_vs_Control_DHT"
"Environmental Information Processing","Signal transduction","hsa04020","Calcium signaling pathway","7/202","206/7119",0.0339805825242718,1.19756320292223,0.491702231036346,0.368027242091841,0.9972591889576,0.975031460265719,"57118/113/5979/8913/148/1909/7852",7,"KEGG","Apalu_vs_Control_DHT"
NA,NA,"hsa03273","Virion - Lassa virus and SFTS virus","1/202","16/7119",0.0625,2.20266089108911,0.822958738754661,0.369381914015688,0.9972591889576,0.975031460265719,"27328",1,"KEGG","Apalu_vs_Control_DHT"
"Human Diseases","Immune disease","hsa05310","Asthma","1/202","16/7119",0.0625,2.20266089108911,0.822958738754661,0.369381914015688,0.9972591889576,0.975031460265719,"3108",1,"KEGG","Apalu_vs_Control_DHT"
"Metabolism","Amino acid metabolism","hsa00280","Valine, leucine and isoleucine degradation","2/202","46/7119",0.0434782608695652,1.53228583727938,0.618896157626864,0.376899960747854,0.9972591889576,0.975031460265719,"11112/3157",2,"KEGG","Apalu_vs_Control_DHT"
"Organismal Systems","Endocrine system","hsa04915","Estrogen signaling pathway","4/202","110/7119",0.0363636363636364,1.28154815481548,0.50853024373675,0.380444213659005,0.9972591889576,0.975031460265719,"2289/9687/113/2550",4,"KEGG","Apalu_vs_Control_DHT"
"Environmental Information Processing","Signal transduction","hsa04022","cGMP-PKG signaling pathway","5/202","143/7119",0.034965034965035,1.23225784116873,0.479436347882063,0.382615617206403,0.9972591889576,0.975031460265719,"113/4880/8660/148/1909",5,"KEGG","Apalu_vs_Control_DHT"
"Metabolism","Amino acid metabolism","hsa00270","Cysteine and methionine metabolism","2/202","47/7119",0.0425531914893617,1.49968401095429,0.587312230151593,0.387079087851683,0.9972591889576,0.975031460265719,"6611/27232",2,"KEGG","Apalu_vs_Control_DHT"
"Metabolism","Amino acid metabolism","hsa00330","Arginine and proline metabolism","2/202","47/7119",0.0425531914893617,1.49968401095429,0.587312230151593,0.387079087851683,0.9972591889576,0.975031460265719,"6611/8659",2,"KEGG","Apalu_vs_Control_DHT"
"Organismal Systems","Endocrine system","hsa04614","Renin-angiotensin system","1/202","17/7119",0.0588235294117647,2.07309260337798,0.756949866627114,0.387315864933446,0.9972591889576,0.975031460265719,"3817",1,"KEGG","Apalu_vs_Control_DHT"
"Metabolism","Lipid metabolism","hsa00565","Ether lipid metabolism","2/202","48/7119",0.0416666666666667,1.46844059405941,0.556455592910571,0.397185371015239,0.9972591889576,0.975031460265719,"5320/8611",2,"KEGG","Apalu_vs_Control_DHT"
"Human Diseases","Infectious disease: bacterial","hsa05134","Legionellosis","2/202","48/7119",0.0416666666666667,1.46844059405941,0.556455592910571,0.397185371015239,0.9972591889576,0.975031460265719,"4671/3553",2,"KEGG","Apalu_vs_Control_DHT"
"Environmental Information Processing","Signaling molecules and interaction","hsa04512","ECM-receptor interaction","3/202","80/7119",0.0375,1.32159653465347,0.494306885434818,0.397378406339911,0.9972591889576,0.975031460265719,"3915/3912/284217",3,"KEGG","Apalu_vs_Control_DHT"
"Metabolism","Metabolism of cofactors and vitamins","hsa00785","Lipoic acid metabolism","1/202","18/7119",0.0555555555555556,1.95792079207921,0.695347479651866,0.404742251202588,0.9972591889576,0.975031460265719,"116285",1,"KEGG","Apalu_vs_Control_DHT"
"Cellular Processes","Transport and catabolism","hsa04146","Peroxisome","3/202","81/7119",0.037037037037037,1.3052805280528,0.472185635502833,0.405070806360498,0.9972591889576,0.975031460265719,"5192/2181/51268",3,"KEGG","Apalu_vs_Control_DHT"
"Organismal Systems","Environmental adaptation","hsa04713","Circadian entrainment","3/202","81/7119",0.037037037037037,1.3052805280528,0.472185635502833,0.405070806360498,0.9972591889576,0.975031460265719,"59345/113/8913",3,"KEGG","Apalu_vs_Control_DHT"
"Organismal Systems","Immune system","hsa04621","NOD-like receptor signaling pathway","5/202","148/7119",0.0337837837837838,1.19062750869682,0.40046510303885,0.41096849869964,0.9972591889576,0.975031460265719,"4671/84168/3553/79792/2633",5,"KEGG","Apalu_vs_Control_DHT"
"Organismal Systems","Endocrine system","hsa04923","Regulation of lipolysis in adipocytes","2/202","50/7119",0.04,1.40970297029703,0.496787789254666,0.417163442987316,0.9972591889576,0.975031460265719,"113/8660",2,"KEGG","Apalu_vs_Control_DHT"
"Metabolism","Glycan biosynthesis and metabolism","hsa00541","Biosynthesis of various nucleotide sugars","1/202","19/7119",0.0526315789473684,1.8548723293382,0.637594665480377,0.421675368405387,0.9972591889576,0.975031460265719,"6675",1,"KEGG","Apalu_vs_Control_DHT"
"Organismal Systems","Immune system","hsa04062","Chemokine signaling pathway","5/202","150/7119",0.0333333333333333,1.17475247524752,0.369640476933711,0.422267168334906,0.9972591889576,0.975031460265719,"59345/113/10451/2868/7852",5,"KEGG","Apalu_vs_Control_DHT"
"Organismal Systems","Aging","hsa04211","Longevity regulating pathway","3/202","84/7119",0.0357142857142857,1.25866336633663,0.40751003351832,0.427969361970913,0.9972591889576,0.975031460265719,"3480/113/8660",3,"KEGG","Apalu_vs_Control_DHT"
"Organismal Systems","Digestive system","hsa04972","Pancreatic secretion","3/202","85/7119",0.0352941176470588,1.24385556202679,0.38648864179992,0.435535334299162,0.9972591889576,0.975031460265719,"5320/8671/113",3,"KEGG","Apalu_vs_Control_DHT"
"Metabolism","Metabolism of other amino acids","hsa00480","Glutathione metabolism","2/202","52/7119",0.0384615384615385,1.35548362528561,0.439642344729972,0.436805041719795,0.9972591889576,0.975031460265719,"6611/9588",2,"KEGG","Apalu_vs_Control_DHT"
"Organismal Systems","Immune system","hsa04659","Th17 cell differentiation","3/202","87/7119",0.0344827586206897,1.21526118129054,0.345208676859577,0.45055464308506,0.9972591889576,0.975031460265719,"3108/9466/3553",3,"KEGG","Apalu_vs_Control_DHT"
"Metabolism","Glycan biosynthesis and metabolism","hsa00532","Glycosaminoglycan biosynthesis - chondroitin sulfate / dermatan sulfate","1/202","21/7119",0.0476190476190476,1.67821782178218,0.531871398035178,0.45411698572151,0.9972591889576,0.975031460265719,"55790",1,"KEGG","Apalu_vs_Control_DHT"
"Organismal Systems","Excretory system","hsa04964","Proximal tubule bicarbonate reclamation","1/202","21/7119",0.0476190476190476,1.67821782178218,0.531871398035178,0.45411698572151,0.9972591889576,0.975031460265719,"8671",1,"KEGG","Apalu_vs_Control_DHT"
"Human Diseases","Cardiovascular disease","hsa05414","Dilated cardiomyopathy","3/202","88/7119",0.0340909090909091,1.20145139513951,0.324936767114734,0.458004160583601,0.9972591889576,0.975031460265719,"113/27092/284217",3,"KEGG","Apalu_vs_Control_DHT"
"Metabolism","Metabolism of cofactors and vitamins","hsa00790","Folate biosynthesis","1/202","22/7119",0.0454545454545455,1.60193519351935,0.483191696658251,0.469652117995989,0.9972591889576,0.975031460265719,"8644",1,"KEGG","Apalu_vs_Control_DHT"
"Human Diseases","Immune disease","hsa05330","Allograft rejection","1/202","22/7119",0.0454545454545455,1.60193519351935,0.483191696658251,0.469652117995989,0.9972591889576,0.975031460265719,"3108",1,"KEGG","Apalu_vs_Control_DHT"
"Environmental Information Processing","Signal transduction","hsa04068","FoxO signaling pathway","4/202","124/7119",0.032258064516129,1.13685723411051,0.262712374956273,0.469891506270404,0.9972591889576,0.975031460265719,"9455/3480/10769/8660",4,"KEGG","Apalu_vs_Control_DHT"
"Organismal Systems","Endocrine system","hsa04924","Renin secretion","2/202","56/7119",0.0357142857142857,1.25866336633663,0.332070368750226,0.474982841880251,0.9972591889576,0.975031460265719,"5734/1909",2,"KEGG","Apalu_vs_Control_DHT"
"Human Diseases","Cardiovascular disease","hsa05416","Viral myocarditis","2/202","56/7119",0.0357142857142857,1.25866336633663,0.332070368750226,0.474982841880251,0.9972591889576,0.975031460265719,"3108/284217",2,"KEGG","Apalu_vs_Control_DHT"
"Human Diseases","Cancer: specific types","hsa05222","Small cell lung cancer","3/202","91/7119",0.032967032967033,1.16184310738766,0.265518518846588,0.480090916903963,0.9972591889576,0.975031460265719,"3915/3912/284217",3,"KEGG","Apalu_vs_Control_DHT"
"Metabolism","Metabolism of terpenoids and polyketides","hsa00900","Terpenoid backbone biosynthesis","1/202","23/7119",0.0434782608695652,1.53228583727938,0.43691586439836,0.484747266955382,0.9972591889576,0.975031460265719,"3157",1,"KEGG","Apalu_vs_Control_DHT"
"Human Diseases","Substance dependence","hsa05033","Nicotine addiction","1/202","23/7119",0.0434782608695652,1.53228583727938,0.43691586439836,0.484747266955382,0.9972591889576,0.975031460265719,"2556",1,"KEGG","Apalu_vs_Control_DHT"
"Human Diseases","Immune disease","hsa05320","Autoimmune thyroid disease","1/202","23/7119",0.0434782608695652,1.53228583727938,0.43691586439836,0.484747266955382,0.9972591889576,0.975031460265719,"3108",1,"KEGG","Apalu_vs_Control_DHT"
"Human Diseases","Cardiovascular disease","hsa05418","Fluid shear stress and atherosclerosis","4/202","127/7119",0.031496062992126,1.11000233881656,0.213746424359035,0.48850742395131,0.9972591889576,0.975031460265719,"6383/657/3553/4880",4,"KEGG","Apalu_vs_Control_DHT"
NA,NA,"hsa04517","IgSF CAM signaling","8/202","267/7119",0.0299625468164794,1.05595728112137,0.159257299386207,0.489226969613077,0.9972591889576,0.975031460265719,"113457/6585/4133/22865/112714/10451/6900/10382",8,"KEGG","Apalu_vs_Control_DHT"
"Environmental Information Processing","Signaling molecules and interaction","hsa04061","Viral protein interaction with cytokine and cytokine receptor","2/202","58/7119",0.0344827586206897,1.21526118129054,0.281282296382945,0.493480243888088,0.9972591889576,0.975031460265719,"57007/7852",2,"KEGG","Apalu_vs_Control_DHT"
"Organismal Systems","Sensory system","hsa04742","Taste transduction","2/202","58/7119",0.0344827586206897,1.21526118129054,0.281282296382945,0.493480243888088,0.9972591889576,0.975031460265719,"2550/2556",2,"KEGG","Apalu_vs_Control_DHT"
"Human Diseases","Cancer: specific types","hsa05217","Basal cell carcinoma","2/202","58/7119",0.0344827586206897,1.21526118129054,0.281282296382945,0.493480243888088,0.9972591889576,0.975031460265719,"7855/6469",2,"KEGG","Apalu_vs_Control_DHT"
"Human Diseases","Drug resistance: antineoplastic","hsa01522","Endocrine resistance","3/202","94/7119",0.0319148936170213,1.12476300821572,0.208076190880504,0.501751411091132,0.9972591889576,0.975031460265719,"3480/8647/113",3,"KEGG","Apalu_vs_Control_DHT"
"Metabolism","Carbohydrate metabolism","hsa00010","Glycolysis / Gluconeogenesis","2/202","59/7119",0.0338983050847458,1.19466353415003,0.256568921027297,0.502574211342855,0.9972591889576,0.975031460265719,"2026/126",2,"KEGG","Apalu_vs_Control_DHT"
"Environmental Information Processing","Signal transduction","hsa04330","Notch signaling pathway","2/202","59/7119",0.0338983050847458,1.19466353415003,0.256568921027297,0.502574211342855,0.9972591889576,0.975031460265719,"84441/171558",2,"KEGG","Apalu_vs_Control_DHT"
"Human Diseases","Cancer: specific types","hsa05213","Endometrial cancer","2/202","59/7119",0.0338983050847458,1.19466353415003,0.256568921027297,0.502574211342855,0.9972591889576,0.975031460265719,"1496/29119",2,"KEGG","Apalu_vs_Control_DHT"
"Metabolism","Amino acid metabolism","hsa00310","Lysine degradation","2/202","60/7119",0.0333333333333333,1.17475247524752,0.232286066040055,0.511562910150226,0.9972591889576,0.975031460265719,"51166/51268",2,"KEGG","Apalu_vs_Control_DHT"
"Metabolism","Xenobiotics biodegradation and metabolism","hsa00982","Drug metabolism - cytochrome P450","2/202","60/7119",0.0333333333333333,1.17475247524752,0.232286066040055,0.511562910150226,0.9972591889576,0.975031460265719,"7367/126",2,"KEGG","Apalu_vs_Control_DHT"
"Cellular Processes","Cellular community - eukaryotes","hsa04550","Signaling pathways regulating pluripotency of stem cells","4/202","131/7119",0.0305343511450382,1.07610913763132,0.150242149890785,0.512908280193714,0.9972591889576,0.975031460265719,"3480/7855/657/3626",4,"KEGG","Apalu_vs_Control_DHT"
"Human Diseases","Cancer: specific types","hsa05226","Gastric cancer","4/202","132/7119",0.0303030303030303,1.06795679567957,0.134669818678801,0.518926735906174,0.9972591889576,0.975031460265719,"7855/1496/29119/6469",4,"KEGG","Apalu_vs_Control_DHT"
"Human Diseases","Infectious disease: bacterial","hsa05133","Pertussis","2/202","61/7119",0.0327868852459016,1.15549423794839,0.208417498720439,0.520444969853275,0.9972591889576,0.975031460265719,"715/3553",2,"KEGG","Apalu_vs_Control_DHT"
"Human Diseases","Infectious disease: parasitic","hsa05140","Leishmaniasis","2/202","61/7119",0.0327868852459016,1.15549423794839,0.208417498720439,0.520444969853275,0.9972591889576,0.975031460265719,"3108/3553",2,"KEGG","Apalu_vs_Control_DHT"
"Metabolism","Lipid metabolism","hsa00591","Linoleic acid metabolism","1/202","27/7119",0.037037037037037,1.3052805280528,0.271576640456954,0.540970887987721,0.9972591889576,0.975031460265719,"5320",1,"KEGG","Apalu_vs_Control_DHT"
"Environmental Information Processing","Signal transduction","hsa04066","HIF-1 signaling pathway","3/202","100/7119",0.03,1.05727722772277,0.0985689560677485,0.543646335353804,0.9972591889576,0.975031460265719,"2026/3480/112399",3,"KEGG","Apalu_vs_Control_DHT"
"Metabolism","Xenobiotics biodegradation and metabolism","hsa00980","Metabolism of xenobiotics by cytochrome P450","2/202","64/7119",0.03125,1.10133044554455,0.139148080218624,0.546439982845431,0.9972591889576,0.975031460265719,"7367/126",2,"KEGG","Apalu_vs_Control_DHT"
"Environmental Information Processing","Signal transduction","hsa04392","Hippo signaling pathway - multiple species","1/202","28/7119",0.0357142857142857,1.25866336633663,0.23434515929955,0.554045321240186,0.9972591889576,0.975031460265719,"25937",1,"KEGG","Apalu_vs_Control_DHT"
"Human Diseases","Cancer: overview","hsa05230","Central carbon metabolism in cancer","2/202","66/7119",0.0303030303030303,1.06795679567957,0.0947793459162402,0.563218574326947,0.9972591889576,0.975031460265719,"6510/5979",2,"KEGG","Apalu_vs_Control_DHT"
"Metabolism","Carbohydrate metabolism","hsa00053","Ascorbate and aldarate metabolism","1/202","29/7119",0.0344827586206897,1.21526118129054,0.198489432160704,0.566749149347573,0.9972591889576,0.975031460265719,"7367",1,"KEGG","Apalu_vs_Control_DHT"
NA,NA,"hsa04518","Integrin signaling","4/202","141/7119",0.0283687943262411,0.999789340636191,-0.000431738353328412,0.571440766449996,0.9972591889576,0.975031460265719,"3915/3480/3912/284217",4,"KEGG","Apalu_vs_Control_DHT"
"Environmental Information Processing","Signal transduction","hsa04024","cAMP signaling pathway","5/202","178/7119",0.0280898876404494,0.989959951051285,-0.0231809162452,0.573272433765517,0.9972591889576,0.975031460265719,"10257/113/2550/10451/1909",5,"KEGG","Apalu_vs_Control_DHT"
"Metabolism","Carbohydrate metabolism","hsa00640","Propanoate metabolism","1/202","30/7119",0.0333333333333333,1.17475247524752,0.163903136274428,0.579092826615809,0.9972591889576,0.975031460265719,"31",1,"KEGG","Apalu_vs_Control_DHT"
"Metabolism","Global and overview maps","hsa01210","2-Oxocarboxylic acid metabolism","1/202","30/7119",0.0333333333333333,1.17475247524752,0.163903136274428,0.579092826615809,0.9972591889576,0.975031460265719,"51166",1,"KEGG","Apalu_vs_Control_DHT"
"Human Diseases","Cardiovascular disease","hsa05417","Lipid and atherosclerosis","5/202","180/7119",0.0277777777777778,0.978960396039604,-0.0488563657387108,0.583302474787985,0.9972591889576,0.975031460265719,"3949/9619/10451/30001/3553",5,"KEGG","Apalu_vs_Control_DHT"
"Organismal Systems","Endocrine system","hsa04928","Parathyroid hormone synthesis, secretion and action","3/202","106/7119",0.0283018867924528,0.997431346908276,-0.00455304829197679,0.583448312405487,0.9972591889576,0.975031460265719,"27347/860/113",3,"KEGG","Apalu_vs_Control_DHT"
"Cellular Processes","Transport and catabolism","hsa04136","Autophagy - other","1/202","31/7119",0.032258064516129,1.13685723411051,0.130491595087526,0.591086513881094,0.9972591889576,0.975031460265719,"64422",1,"KEGG","Apalu_vs_Control_DHT"
"Organismal Systems","Endocrine system","hsa04911","Insulin secretion","2/202","70/7119",0.0285714285714286,1.00693069306931,0.00995766977385094,0.59543247379997,0.9972591889576,0.975031460265719,"3781/113",2,"KEGG","Apalu_vs_Control_DHT"
"Human Diseases","Immune disease","hsa05323","Rheumatoid arthritis","2/202","70/7119",0.0285714285714286,1.00693069306931,0.00995766977385094,0.59543247379997,0.9972591889576,0.975031460265719,"3108/3553",2,"KEGG","Apalu_vs_Control_DHT"
"Human Diseases","Cancer: overview","hsa05205","Proteoglycans in cancer","5/202","183/7119",0.0273224043715847,0.962911864956987,-0.0868563924161358,0.598109943764728,0.9972591889576,0.975031460265719,"6383/3480/7855/10451/6469",5,"KEGG","Apalu_vs_Control_DHT"
"Organismal Systems","Endocrine system","hsa04935","Growth hormone synthesis, secretion and action","3/202","109/7119",0.0275229357798165,0.969979108002543,-0.0539726349395487,0.602510925237948,0.9972591889576,0.975031460265719,"3486/113/8660",3,"KEGG","Apalu_vs_Control_DHT"
"Environmental Information Processing","Signal transduction","hsa04150","mTOR signaling pathway","4/202","149/7119",0.0268456375838926,0.946109376038275,-0.113601939458759,0.615344923247737,0.9972591889576,0.975031460265719,"2887/3480/7855/23175",4,"KEGG","Apalu_vs_Control_DHT"
"Human Diseases","Infectious disease: viral","hsa05165","Human papillomavirus infection","8/202","298/7119",0.0268456375838926,0.946109376038275,-0.162402648675301,0.615430978031932,0.9972591889576,0.975031460265719,"3915/7855/5734/1740/84441/55502/3912/284217",8,"KEGG","Apalu_vs_Control_DHT"
"Organismal Systems","Digestive system","hsa04970","Salivary secretion","2/202","73/7119",0.0273972602739726,0.9655499796555,-0.0505563116172812,0.618410849065462,0.9972591889576,0.975031460265719,"113/148",2,"KEGG","Apalu_vs_Control_DHT"
"Human Diseases","Cancer: specific types","hsa05214","Glioma","2/202","73/7119",0.0273972602739726,0.9655499796555,-0.0505563116172812,0.618410849065462,0.9972591889576,0.975031460265719,"3480/57118",2,"KEGG","Apalu_vs_Control_DHT"
"Organismal Systems","Immune system","hsa04640","Hematopoietic cell lineage","2/202","74/7119",0.027027027027027,0.952502006957453,-0.070185340208358,0.625845334405247,0.9972591889576,0.975031460265719,"3108/3553",2,"KEGG","Apalu_vs_Control_DHT"
"Metabolism","Carbohydrate metabolism","hsa00562","Inositol phosphate metabolism","2/202","75/7119",0.0266666666666667,0.93980198019802,-0.0895568794063723,0.63316771374581,0.9972591889576,0.975031460265719,"23007/8821",2,"KEGG","Apalu_vs_Control_DHT"
"Metabolism","Xenobiotics biodegradation and metabolism","hsa00983","Drug metabolism - other enzymes","2/202","75/7119",0.0266666666666667,0.93980198019802,-0.0895568794063723,0.63316771374581,0.9972591889576,0.975031460265719,"3614/7367",2,"KEGG","Apalu_vs_Control_DHT"
"Cellular Processes","Cell growth and death","hsa04115","p53 signaling pathway","2/202","75/7119",0.0266666666666667,0.93980198019802,-0.0895568794063723,0.63316771374581,0.9972591889576,0.975031460265719,"3486/9540",2,"KEGG","Apalu_vs_Control_DHT"
"Cellular Processes","Cellular community - eukaryotes","hsa04510","Focal adhesion","5/202","191/7119",0.0261780104712042,0.922580477943082,-0.185335672719117,0.636126838556267,0.9972591889576,0.975031460265719,"3915/3480/10451/3912/284217",5,"KEGG","Apalu_vs_Control_DHT"
"Human Diseases","Infectious disease: viral","hsa05163","Human cytomegalovirus infection","5/202","192/7119",0.0260416666666667,0.917775371287129,-0.197367541028901,0.640722564379601,0.9972591889576,0.975031460265719,"59345/5734/113/3553/7852",5,"KEGG","Apalu_vs_Control_DHT"
"Organismal Systems","Nervous system","hsa04723","Retrograde endocannabinoid signaling","3/202","116/7119",0.0258620689655172,0.911445885967907,-0.164320392087693,0.644723000919752,0.9972591889576,0.975031460265719,"59345/113/2556",3,"KEGG","Apalu_vs_Control_DHT"
"Organismal Systems","Endocrine system","hsa04926","Relaxin signaling pathway","3/202","116/7119",0.0258620689655172,0.911445885967907,-0.164320392087693,0.644723000919752,0.9972591889576,0.975031460265719,"59345/113/59",3,"KEGG","Apalu_vs_Control_DHT"
"Cellular Processes","Cellular community - eukaryotes","hsa04530","Tight junction","4/202","155/7119",0.0258064516129032,0.909485787288406,-0.194692416190406,0.646396355998265,0.9972591889576,0.975031460265719,"113457/112714/1740/11346",4,"KEGG","Apalu_vs_Control_DHT"
"Human Diseases","Infectious disease: bacterial","hsa05100","Bacterial invasion of epithelial cells","2/202","77/7119",0.025974025974026,0.915391539153915,-0.127557775114742,0.647477599130334,0.9972591889576,0.975031460265719,"1496/29119",2,"KEGG","Apalu_vs_Control_DHT"
"Human Diseases","Cancer: specific types","hsa05216","Thyroid cancer","1/202","37/7119",0.027027027027027,0.952502006957453,-0.0494987177814299,0.656232895827476,0.9972591889576,0.975031460265719,"5979",1,"KEGG","Apalu_vs_Control_DHT"
"Metabolism","Metabolism of cofactors and vitamins","hsa00670","One carbon pool by folate","1/202","38/7119",0.0263157894736842,0.927436164669099,-0.0766408863920899,0.666038170473458,0.9972591889576,0.975031460265719,"27232",1,"KEGG","Apalu_vs_Control_DHT"
"Organismal Systems","Immune system","hsa04613","Neutrophil extracellular trap formation","4/202","159/7119",0.0251572327044025,0.886605641696245,-0.247104798366575,0.666164705725326,0.9972591889576,0.975031460265719,"8970/79792/8332/6404",4,"KEGG","Apalu_vs_Control_DHT"
"Human Diseases","Infectious disease: bacterial","hsa05132","Salmonella infection","6/202","238/7119",0.0252100840336134,0.888468258590565,-0.299059065205557,0.674178247769491,0.9972591889576,0.975031460265719,"113457/4671/112714/3553/10382/79792",6,"KEGG","Apalu_vs_Control_DHT"
"Cellular Processes","Cell growth and death","hsa04216","Ferroptosis","1/202","39/7119",0.0256410256410256,0.903655750190404,-0.103094919252064,0.675565114346409,0.9972591889576,0.975031460265719,"2181",1,"KEGG","Apalu_vs_Control_DHT"
"Cellular Processes","Transport and catabolism","hsa04140","Autophagy - animal","4/202","162/7119",0.0246913580246914,0.87018701870187,-0.285601456819226,0.680492248036615,0.9972591889576,0.975031460265719,"1612/64422/3480/8660",4,"KEGG","Apalu_vs_Control_DHT"
"Human Diseases","Substance dependence","hsa05034","Alcoholism","4/202","162/7119",0.0246913580246914,0.87018701870187,-0.285601456819226,0.680492248036615,0.9972591889576,0.975031460265719,"59345/1644/8970/8332",4,"KEGG","Apalu_vs_Control_DHT"
"Organismal Systems","Excretory system","hsa04962","Vasopressin-regulated water reabsorption","1/202","40/7119",0.025,0.881064356435644,-0.12889968472354,0.684821589897542,0.9972591889576,0.975031460265719,"398",1,"KEGG","Apalu_vs_Control_DHT"
"Human Diseases","Cancer: specific types","hsa05219","Bladder cancer","1/202","40/7119",0.025,0.881064356435644,-0.12889968472354,0.684821589897542,0.9972591889576,0.975031460265719,"1612",1,"KEGG","Apalu_vs_Control_DHT"
"Human Diseases","Cardiovascular disease","hsa05410","Hypertrophic cardiomyopathy","2/202","84/7119",0.0238095238095238,0.839108910891089,-0.25347514046594,0.694102438617084,0.9972591889576,0.975031460265719,"27092/284217",2,"KEGG","Apalu_vs_Control_DHT"
"Human Diseases","Substance dependence","hsa05030","Cocaine addiction","1/202","42/7119",0.0238095238095238,0.839108910891089,-0.178701347633678,0.702553486902923,0.9972591889576,0.975031460265719,"1644",1,"KEGG","Apalu_vs_Control_DHT"
"Environmental Information Processing","Signal transduction","hsa04371","Apelin signaling pathway","3/202","127/7119",0.0236220472440945,0.832501754112419,-0.325467181244074,0.70449807383453,0.9972591889576,0.975031460265719,"59345/113/59",3,"KEGG","Apalu_vs_Control_DHT"
"Organismal Systems","Circulatory system","hsa04261","Adrenergic signaling in cardiomyocytes","3/202","128/7119",0.0234375,0.825997834158416,-0.339457787715259,0.709534313484381,0.9972591889576,0.975031460265719,"113/148/27092",3,"KEGG","Apalu_vs_Control_DHT"
"Metabolism","Metabolism of cofactors and vitamins","hsa00860","Porphyrin metabolism","1/202","43/7119",0.0232558139534884,0.819594750172692,-0.202761397483826,0.711043552699957,0.9972591889576,0.975031460265719,"7367",1,"KEGG","Apalu_vs_Control_DHT"
"Organismal Systems","Endocrine system","hsa04916","Melanogenesis","2/202","87/7119",0.0229885057471264,0.810174120860362,-0.30441875389996,0.712479678333773,0.9972591889576,0.975031460265719,"7855/113",2,"KEGG","Apalu_vs_Control_DHT"
"Organismal Systems","Endocrine system","hsa04910","Insulin signaling pathway","3/202","129/7119",0.0232558139534884,0.819594750172692,-0.353346852764016,0.714504860516312,0.9972591889576,0.975031460265719,"31/2194/8660",3,"KEGG","Apalu_vs_Control_DHT"
"Organismal Systems","Immune system","hsa04650","Natural killer cell mediated cytotoxicity","2/202","89/7119",0.0224719101123595,0.791967960841028,-0.337476359575303,0.724213496152884,0.9972591889576,0.975031460265719,"10451/7462",2,"KEGG","Apalu_vs_Control_DHT"
"Metabolism","Glycan biosynthesis and metabolism","hsa00514","Other types of O-glycan biosynthesis","1/202","45/7119",0.0222222222222222,0.783168316831683,-0.249340174409484,0.727306998411923,0.9972591889576,0.975031460265719,"51809",1,"KEGG","Apalu_vs_Control_DHT"
"Organismal Systems","Sensory system","hsa04740","Olfactory transduction","2/202","90/7119",0.0222222222222222,0.783168316831683,-0.353747201501344,0.729928030812799,0.9972591889576,0.975031460265719,"83988/81285",2,"KEGG","Apalu_vs_Control_DHT"
"Organismal Systems","Immune system","hsa04666","Fc gamma R-mediated phagocytosis","2/202","91/7119",0.021978021978022,0.774562071591775,-0.369851678016894,0.73554234797929,0.9972591889576,0.975031460265719,"8611/10451",2,"KEGG","Apalu_vs_Control_DHT"
"Organismal Systems","Development and regeneration","hsa04360","Axon guidance","4/202","177/7119",0.0225988700564972,0.796442356100017,-0.468627243610617,0.745658592804676,0.9972591889576,0.975031460265719,"6585/1949/6469/7852",4,"KEGG","Apalu_vs_Control_DHT"
"Organismal Systems","Endocrine system","hsa04921","Oxytocin signaling pathway","3/202","136/7119",0.0220588235294118,0.777409726266744,-0.447868383690665,0.747481589616152,0.9972591889576,0.975031460265719,"57118/113/27092",3,"KEGG","Apalu_vs_Control_DHT"
"Human Diseases","Infectious disease: bacterial","hsa05110","Vibrio cholerae infection","1/202","48/7119",0.0208333333333333,0.734220297029703,-0.31571687867251,0.75000986954453,0.9972591889576,0.975031460265719,"30001",1,"KEGG","Apalu_vs_Control_DHT"
NA,NA,"hsa04382","Cornified envelope formation","3/202","137/7119",0.0218978102189781,0.771735202717352,-0.461004421090404,0.751936762856152,0.9972591889576,0.975031460265719,"147409/5317/242",3,"KEGG","Apalu_vs_Control_DHT"
"Organismal Systems","Endocrine system","hsa04922","Glucagon signaling pathway","2/202","95/7119",0.0210526315789474,0.741948931735279,-0.432684164634664,0.757018817825731,0.9972591889576,0.975031460265719,"31/126129",2,"KEGG","Apalu_vs_Control_DHT"
"Organismal Systems","Excretory system","hsa04961","Endocrine and other factor-regulated calcium reabsorption","1/202","49/7119",0.0204081632653061,0.719236209335219,-0.336996367127846,0.757151434578048,0.9972591889576,0.975031460265719,"3817",1,"KEGG","Apalu_vs_Control_DHT"
"Human Diseases","Endocrine and metabolic disease","hsa04931","Insulin resistance","2/202","98/7119",0.0204081632653061,0.719236209335219,-0.478244999039781,0.772127389796797,0.9972591889576,0.975031460265719,"8660/51085",2,"KEGG","Apalu_vs_Control_DHT"
"Human Diseases","Infectious disease: viral","hsa05164","Influenza A","3/202","143/7119",0.020979020979021,0.739354704701239,-0.538034917752877,0.777362390617166,0.9972591889576,0.975031460265719,"7113/3108/3553",3,"KEGG","Apalu_vs_Control_DHT"
"Human Diseases","Endocrine and metabolic disease","hsa04932","Non-alcoholic fatty liver disease","3/202","144/7119",0.0208333333333333,0.734220297029703,-0.550587998424823,0.781386518397293,0.9972591889576,0.975031460265719,"3553/8660/51085",3,"KEGG","Apalu_vs_Control_DHT"
"Environmental Information Processing","Signal transduction","hsa04340","Hedgehog signaling pathway","1/202","53/7119",0.0188679245283019,0.664954231272184,-0.418360857608305,0.78374398830306,0.9972591889576,0.975031460265719,"6469",1,"KEGG","Apalu_vs_Control_DHT"
"Organismal Systems","Nervous system","hsa04730","Long-term depression","1/202","53/7119",0.0188679245283019,0.664954231272184,-0.418360857608305,0.78374398830306,0.9972591889576,0.975031460265719,"3480",1,"KEGG","Apalu_vs_Control_DHT"
"Organismal Systems","Endocrine system","hsa04914","Progesterone-mediated oocyte maturation","2/202","102/7119",0.0196078431372549,0.691030867792662,-0.537075361467148,0.790999437874809,0.9972591889576,0.975031460265719,"3480/113",2,"KEGG","Apalu_vs_Control_DHT"
"Human Diseases","Infectious disease: bacterial","hsa05152","Tuberculosis","3/202","147/7119",0.0204081632653061,0.719236209335219,-0.58778278754755,0.793102380395309,0.9972591889576,0.975031460265719,"3108/9902/3553",3,"KEGG","Apalu_vs_Control_DHT"
"Organismal Systems","Nervous system","hsa04725","Cholinergic synapse","2/202","103/7119",0.0194174757281553,0.684321830241276,-0.55146018331067,0.795498024894888,0.9972591889576,0.975031460265719,"59345/113",2,"KEGG","Apalu_vs_Control_DHT"
"Environmental Information Processing","Signal transduction","hsa04010","MAPK signaling pathway","6/202","274/7119",0.0218978102189781,0.771735202717352,-0.658450731053353,0.796581764694011,0.9972591889576,0.975031460265719,"51347/3480/5979/3553/8913/27092",6,"KEGG","Apalu_vs_Control_DHT"
"Organismal Systems","Immune system","hsa04612","Antigen processing and presentation","1/202","57/7119",0.0175438596491228,0.618290776446066,-0.494426812449706,0.807437418299832,0.9972591889576,0.975031460265719,"3108",1,"KEGG","Apalu_vs_Control_DHT"
"Human Diseases","Substance dependence","hsa05031","Amphetamine addiction","1/202","57/7119",0.0175438596491228,0.618290776446066,-0.494426812449706,0.807437418299832,0.9972591889576,0.975031460265719,"1644",1,"KEGG","Apalu_vs_Control_DHT"
"Human Diseases","Cancer: overview","hsa05204","Chemical carcinogenesis - DNA adducts","1/202","58/7119",0.0172413793103448,0.607630590645271,-0.512710038252339,0.812945438903547,0.9972591889576,0.975031460265719,"7367",1,"KEGG","Apalu_vs_Control_DHT"
"Environmental Information Processing","Signal transduction","hsa04310","Wnt signaling pathway","3/202","153/7119",0.0196078431372549,0.691030867792662,-0.660183798486908,0.814975795602372,0.9972591889576,0.975031460265719,"7855/4920/4163",3,"KEGG","Apalu_vs_Control_DHT"
"Genetic Information Processing","Chromosome","hsa03082","ATP-dependent chromatin remodeling","2/202","111/7119",0.018018018018018,0.635001337971635,-0.662295042168288,0.828513021396093,0.9972591889576,0.975031460265719,"6604/8332",2,"KEGG","Apalu_vs_Control_DHT"
"Organismal Systems","Endocrine system","hsa04918","Thyroid hormone synthesis","1/202","61/7119",0.0163934426229508,0.577747118974193,-0.56596881307017,0.828546387104849,0.9972591889576,0.975031460265719,"113",1,"KEGG","Apalu_vs_Control_DHT"
"Human Diseases","Cancer: specific types","hsa05218","Melanoma","1/202","61/7119",0.0163934426229508,0.577747118974193,-0.56596881307017,0.828546387104849,0.9972591889576,0.975031460265719,"3480",1,"KEGG","Apalu_vs_Control_DHT"
"Human Diseases","Neurodegenerative disease","hsa05020","Prion disease","5/202","244/7119",0.0204918032786885,0.722183898717741,-0.754591246618591,0.828608492173968,0.9972591889576,0.975031460265719,"3915/113457/112714/3553/10382",5,"KEGG","Apalu_vs_Control_DHT"
"Human Diseases","Cancer: specific types","hsa05225","Hepatocellular carcinoma","3/202","158/7119",0.0189873417721519,0.669162802356185,-0.718625872254299,0.831685655824255,0.9972591889576,0.975031460265719,"6604/3480/7855",3,"KEGG","Apalu_vs_Control_DHT"
"Human Diseases","Infectious disease: viral","hsa05168","Herpes simplex virus 1 infection","3/202","159/7119",0.0188679245283019,0.664954231272184,-0.730119367167137,0.834868751018465,0.9972591889576,0.975031460265719,"3108/3553/684",3,"KEGG","Apalu_vs_Control_DHT"
"Organismal Systems","Immune system","hsa04664","Fc epsilon RI signaling pathway","1/202","63/7119",0.0158730158730159,0.559405940594059,-0.600240664984314,0.838220630823848,0.9972591889576,0.975031460265719,"10451",1,"KEGG","Apalu_vs_Control_DHT"
"Organismal Systems","Digestive system","hsa04971","Gastric acid secretion","1/202","63/7119",0.0158730158730159,0.559405940594059,-0.600240664984314,0.838220630823848,0.9972591889576,0.975031460265719,"113",1,"KEGG","Apalu_vs_Control_DHT"
"Organismal Systems","Nervous system","hsa04728","Dopaminergic synapse","2/202","114/7119",0.0175438596491228,0.618290776446066,-0.702064153156199,0.839609351625051,0.9972591889576,0.975031460265719,"59345/1644",2,"KEGG","Apalu_vs_Control_DHT"
"Genetic Information Processing","Folding, sorting and degradation","hsa04141","Protein processing in endoplasmic reticulum","3/202","164/7119",0.0182926829268293,0.644681236416325,-0.786660398520921,0.850021513597297,0.9972591889576,0.975031460265719,"258010/26232/30001",3,"KEGG","Apalu_vs_Control_DHT"
"Metabolism","Nucleotide metabolism","hsa00230","Purine metabolism","2/202","118/7119",0.0169491525423729,0.597331767075013,-0.753709730980748,0.85339715376183,0.9972591889576,0.975031460265719,"3614/113",2,"KEGG","Apalu_vs_Control_DHT"
"Environmental Information Processing","Signal transduction","hsa04014","Ras signaling pathway","4/202","212/7119",0.0188679245283019,0.664954231272184,-0.846297638074724,0.85796311238338,0.9972591889576,0.975031460265719,"5320/3480/59345/51365",4,"KEGG","Apalu_vs_Control_DHT"
"Organismal Systems","Environmental adaptation","hsa04714","Thermogenesis","4/202","212/7119",0.0188679245283019,0.664954231272184,-0.846297638074724,0.85796311238338,0.9972591889576,0.975031460265719,"6604/2181/113/126129",4,"KEGG","Apalu_vs_Control_DHT"
"Environmental Information Processing","Signal transduction","hsa04151","PI3K-Akt signaling pathway","6/202","300/7119",0.02,0.704851485148515,-0.892558464841933,0.860666407873586,0.9972591889576,0.975031460265719,"3915/3480/59345/5979/3912/284217",6,"KEGG","Apalu_vs_Control_DHT"
"Environmental Information Processing","Signal transduction","hsa04071","Sphingolipid signaling pathway","2/202","121/7119",0.0165289256198347,0.582521888552492,-0.791471379635866,0.863022742325886,0.9972591889576,0.975031460265719,"6610/123099",2,"KEGG","Apalu_vs_Control_DHT"
"Metabolism","Global and overview maps","hsa01230","Biosynthesis of amino acids","1/202","69/7119",0.0144927536231884,0.510761945759793,-0.697824167034552,0.864103246630922,0.9972591889576,0.975031460265719,"2026",1,"KEGG","Apalu_vs_Control_DHT"
"Human Diseases","Cancer: specific types","hsa05211","Renal cell carcinoma","1/202","69/7119",0.0144927536231884,0.510761945759793,-0.697824167034552,0.864103246630922,0.9972591889576,0.975031460265719,"112399",1,"KEGG","Apalu_vs_Control_DHT"
"Organismal Systems","Immune system","hsa04662","B cell receptor signaling pathway","1/202","70/7119",0.0142857142857143,0.503465346534653,-0.713395913083755,0.867997025947312,0.9972591889576,0.975031460265719,"10451",1,"KEGG","Apalu_vs_Control_DHT"
"Organismal Systems","Circulatory system","hsa04260","Cardiac muscle contraction","1/202","71/7119",0.0140845070422535,0.496374285315856,-0.728785816810163,0.871779775381082,0.9972591889576,0.975031460265719,"27092",1,"KEGG","Apalu_vs_Control_DHT"
"Human Diseases","Cancer: specific types","hsa05223","Non-small cell lung cancer","1/202","71/7119",0.0140845070422535,0.496374285315856,-0.728785816810163,0.871779775381082,0.9972591889576,0.975031460265719,"5979",1,"KEGG","Apalu_vs_Control_DHT"
"Human Diseases","Neurodegenerative disease","hsa05010","Alzheimer disease","7/202","351/7119",0.0199430199430199,0.702843361259203,-0.975673724122098,0.877201136086961,0.9972591889576,0.975031460265719,"113457/7855/112714/3553/29986/8660/10382",7,"KEGG","Apalu_vs_Control_DHT"
"Cellular Processes","Cell growth and death","hsa04114","Oocyte meiosis","2/202","126/7119",0.0158730158730159,0.559405940594059,-0.852683647608499,0.877792304305795,0.9972591889576,0.975031460265719,"3480/113",2,"KEGG","Apalu_vs_Control_DHT"
"Organismal Systems","Immune system","hsa04657","IL-17 signaling pathway","1/202","74/7119",0.0135135135135135,0.476251003478726,-0.773916941536951,0.882492908804585,0.9972591889576,0.975031460265719,"3553",1,"KEGG","Apalu_vs_Control_DHT"
"Human Diseases","Cancer: specific types","hsa05224","Breast cancer","2/202","128/7119",0.015625,0.550665222772277,-0.876599372677458,0.88327978498554,0.9972591889576,0.975031460265719,"3480/7855",2,"KEGG","Apalu_vs_Control_DHT"
"Human Diseases","Drug resistance: antineoplastic","hsa01521","EGFR tyrosine kinase inhibitor resistance","1/202","75/7119",0.0133333333333333,0.46990099009901,-0.788630809772562,0.885862168197271,0.9972591889576,0.975031460265719,"3480",1,"KEGG","Apalu_vs_Control_DHT"
"Genetic Information Processing","Folding, sorting and degradation","hsa03018","RNA degradation","1/202","75/7119",0.0133333333333333,0.46990099009901,-0.788630809772562,0.885862168197271,0.9972591889576,0.975031460265719,"2026",1,"KEGG","Apalu_vs_Control_DHT"
"Cellular Processes","Transport and catabolism","hsa04142","Lysosome","2/202","130/7119",0.0153846153846154,0.542193450114242,-0.900206089684763,0.888539653282224,0.9972591889576,0.975031460265719,"4864/55353",2,"KEGG","Apalu_vs_Control_DHT"
"Human Diseases","Infectious disease: bacterial","hsa05135","Yersinia infection","2/202","130/7119",0.0153846153846154,0.542193450114242,-0.900206089684763,0.888539653282224,0.9972591889576,0.975031460265719,"10451/3553",2,"KEGG","Apalu_vs_Control_DHT"
"Cellular Processes","Cell growth and death","hsa04210","Apoptosis","2/202","132/7119",0.0151515151515152,0.533978397839784,-0.923513889019196,0.8935800437953,0.9972591889576,0.975031460265719,"113457/112714",2,"KEGG","Apalu_vs_Control_DHT"
"Cellular Processes","Cell growth and death","hsa04217","Necroptosis","2/202","133/7119",0.0150375939849624,0.529963522668056,-0.93505871293486,0.896020424421719,0.9972591889576,0.975031460265719,"3553/8332",2,"KEGG","Apalu_vs_Control_DHT"
"Environmental Information Processing","Signal transduction","hsa04015","Rap1 signaling pathway","3/202","183/7119",0.0163934426229508,0.577747118974193,-0.988870480834038,0.897116216870904,0.9972591889576,0.975031460265719,"3480/113/10451",3,"KEGG","Apalu_vs_Control_DHT"
"Environmental Information Processing","Signal transduction","hsa04072","Phospholipase D signaling pathway","2/202","134/7119",0.0149253731343284,0.526008571006354,-0.946532371000846,0.898408898610147,0.9972591889576,0.975031460265719,"8611/113",2,"KEGG","Apalu_vs_Control_DHT"
"Human Diseases","Infectious disease: viral","hsa05170","Human immunodeficiency virus 1 infection","3/202","188/7119",0.0159574468085106,0.562381504107858,-1.0391361009471,0.907083336612907,0.9972591889576,0.975031460265719,"59345/684/7852",3,"KEGG","Apalu_vs_Control_DHT"
"Environmental Information Processing","Signal transduction","hsa04012","ErbB signaling pathway","1/202","83/7119",0.0120481927710843,0.42460932840272,-0.901020632912348,0.909575025548685,0.9972591889576,0.975031460265719,"10718",1,"KEGG","Apalu_vs_Control_DHT"
"Organismal Systems","Immune system","hsa04620","Toll-like receptor signaling pathway","1/202","83/7119",0.0120481927710843,0.42460932840272,-0.901020632912348,0.909575025548685,0.9972591889576,0.975031460265719,"3553",1,"KEGG","Apalu_vs_Control_DHT"
"Human Diseases","Cancer: overview","hsa05206","MicroRNAs in cancer","3/202","190/7119",0.0157894736842105,0.556461698801459,-1.05893288941588,0.910820773403136,0.9972591889576,0.975031460265719,"85414/90427/8660",3,"KEGG","Apalu_vs_Control_DHT"
"Genetic Information Processing","Folding, sorting and degradation","hsa04120","Ubiquitin mediated proteolysis","2/202","140/7119",0.0142857142857143,0.503465346534653,-1.01394120149679,0.911702705059972,0.9972591889576,0.975031460265719,"26232/8916",2,"KEGG","Apalu_vs_Control_DHT"
"Metabolism","Global and overview maps","hsa01232","Nucleotide metabolism","1/202","84/7119",0.0119047619047619,0.419554455445545,-0.914460314450201,0.912171080812921,0.9972591889576,0.975031460265719,"3614",1,"KEGG","Apalu_vs_Control_DHT"
"Organismal Systems","Endocrine system","hsa04912","GnRH signaling pathway","1/202","85/7119",0.0117647058823529,0.414618520675597,-0.927775815316694,0.914692963069608,0.9972591889576,0.975031460265719,"113",1,"KEGG","Apalu_vs_Control_DHT"
"Cellular Processes","Transport and catabolism","hsa04148","Efferocytosis","2/202","142/7119",0.0140845070422535,0.496374285315856,-1.03588965533961,0.9157608686094,0.9972591889576,0.975031460265719,"5734/126129",2,"KEGG","Apalu_vs_Control_DHT"
"Environmental Information Processing","Signal transduction","hsa04064","NF-kappa B signaling pathway","1/202","86/7119",0.0116279069767442,0.409797375086346,-0.940970140492621,0.91714278130389,0.9972591889576,0.975031460265719,"3553",1,"KEGG","Apalu_vs_Control_DHT"
"Human Diseases","Neurodegenerative disease","hsa05012","Parkinson disease","4/202","243/7119",0.0164609053497942,0.58012467913458,-1.13802378819594,0.91929995329851,0.9972591889576,0.975031460265719,"113457/112714/29986/10382",4,"KEGG","Apalu_vs_Control_DHT"
"Human Diseases","Infectious disease: parasitic","hsa05142","Chagas disease","1/202","87/7119",0.0114942528735632,0.405087060430181,-0.954046184659497,0.919522584826798,0.9972591889576,0.975031460265719,"3553",1,"KEGG","Apalu_vs_Control_DHT"
"Human Diseases","Infectious disease: viral","hsa05171","Coronavirus disease - COVID-19","3/202","195/7119",0.0153846153846154,0.542193450114242,-1.10768574484651,0.91957762272024,0.9972591889576,0.975031460265719,"7113/715/3553",3,"KEGG","Apalu_vs_Control_DHT"
"Cellular Processes","Transport and catabolism","hsa04144","Endocytosis","4/202","245/7119",0.0163265306122449,0.575388967468175,-1.15575382949087,0.922297743866268,0.9972591889576,0.975031460265719,"3480/3949/2868/7852",4,"KEGG","Apalu_vs_Control_DHT"
"Metabolism","Global and overview maps","hsa01240","Biosynthesis of cofactors","2/202","148/7119",0.0135135135135135,0.476251003478726,-1.10027769492583,0.926913188208045,0.9972591889576,0.975031460265719,"7367/5373",2,"KEGG","Apalu_vs_Control_DHT"
"Human Diseases","Endocrine and metabolic disease","hsa04933","AGE-RAGE signaling pathway in diabetic complications","1/202","91/7119",0.010989010989011,0.387281035795887,-1.00522187488038,0.928380642217248,0.9972591889576,0.975031460265719,"3553",1,"KEGG","Apalu_vs_Control_DHT"
"Environmental Information Processing","Signal transduction","hsa04070","Phosphatidylinositol signaling system","1/202","93/7119",0.010752688172043,0.378952411370169,-1.030168035161,0.932438753195637,0.9972591889576,0.975031460265719,"8821",1,"KEGG","Apalu_vs_Control_DHT"
"Organismal Systems","Immune system","hsa04625","C-type lectin receptor signaling pathway","1/202","93/7119",0.010752688172043,0.378952411370169,-1.030168035161,0.932438753195637,0.9972591889576,0.975031460265719,"3553",1,"KEGG","Apalu_vs_Control_DHT"
"Cellular Processes","Cell motility","hsa04810","Regulation of actin cytoskeleton","3/202","208/7119",0.0144230769230769,0.508306359482102,-1.22984845801662,0.938809727329212,0.9972591889576,0.975031460265719,"10788/10451/7852",3,"KEGG","Apalu_vs_Control_DHT"
"Human Diseases","Cancer: overview","hsa05231","Choline metabolism in cancer","1/202","97/7119",0.0103092783505155,0.363325507808513,-1.07886894912531,0.939881219234788,0.9972591889576,0.975031460265719,"8611",1,"KEGG","Apalu_vs_Control_DHT"
"Human Diseases","Infectious disease: viral","hsa05167","Kaposi sarcoma-associated herpesvirus infection","2/202","163/7119",0.0122699386503067,0.432424224017494,-1.25266128672354,0.949023807909789,0.9972591889576,0.975031460265719,"64422/59345",2,"KEGG","Apalu_vs_Control_DHT"
"Environmental Information Processing","Signal transduction","hsa04668","TNF signaling pathway","1/202","105/7119",0.00952380952380952,0.335643564356436,-1.17194897591741,0.952406545168994,0.9972591889576,0.975031460265719,"3553",1,"KEGG","Apalu_vs_Control_DHT"
"Organismal Systems","Immune system","hsa04660","T cell receptor signaling pathway","1/202","106/7119",0.00943396226415094,0.332477115636092,-1.18321307704045,0.953777214954546,0.9972591889576,0.975031460265719,"10451",1,"KEGG","Apalu_vs_Control_DHT"
"Metabolism","Global and overview maps","hsa01200","Carbon metabolism","1/202","109/7119",0.0091743119266055,0.323326369334181,-1.2165480907176,0.957657965442514,0.9972591889576,0.975031460265719,"2026",1,"KEGG","Apalu_vs_Control_DHT"
"Human Diseases","Neurodegenerative disease","hsa05016","Huntington disease","4/202","279/7119",0.014336917562724,0.505269881826892,-1.44058268215463,0.960084090820913,0.9972591889576,0.975031460265719,"113457/112714/10382/7052",4,"KEGG","Apalu_vs_Control_DHT"
"Human Diseases","Infectious disease: viral","hsa05162","Measles","1/202","112/7119",0.00892857142857143,0.314665841584158,-1.24922630256906,0.961214375049472,0.9972591889576,0.975031460265719,"3553",1,"KEGG","Apalu_vs_Control_DHT"
"Organismal Systems","Endocrine system","hsa04919","Thyroid hormone signaling pathway","1/202","114/7119",0.0087719298245614,0.309145388223033,-1.27066423351103,0.963418544799438,0.9972591889576,0.975031460265719,"5208",1,"KEGG","Apalu_vs_Control_DHT"
"Organismal Systems","Immune system","hsa04611","Platelet activation","1/202","115/7119",0.00869565217391304,0.306457167455876,-1.28128259892031,0.964473427590375,0.9972591889576,0.975031460265719,"113",1,"KEGG","Apalu_vs_Control_DHT"
"Organismal Systems","Nervous system","hsa04722","Neurotrophin signaling pathway","1/202","115/7119",0.00869565217391304,0.306457167455876,-1.28128259892031,0.964473427590375,0.9972591889576,0.975031460265719,"398",1,"KEGG","Apalu_vs_Control_DHT"
"Organismal Systems","Development and regeneration","hsa04380","Osteoclast differentiation","1/202","116/7119",0.00862068965517241,0.303815295322636,-1.29183544873568,0.965498037474262,0.9972591889576,0.975031460265719,"3553",1,"KEGG","Apalu_vs_Control_DHT"
"Human Diseases","Cancer: overview","hsa05207","Chemical carcinogenesis - receptor activation","2/202","183/7119",0.0109289617486339,0.385164745982795,-1.43987752504299,0.96879399973777,0.9972591889576,0.975031460265719,"7367/113",2,"KEGG","Apalu_vs_Control_DHT"
"Environmental Information Processing","Signal transduction","hsa04630","JAK-STAT signaling pathway","1/202","121/7119",0.00826446280991736,0.291260944276246,-1.34365530276677,0.970196407682354,0.9972591889576,0.975031460265719,"9466",1,"KEGG","Apalu_vs_Control_DHT"
"Human Diseases","Cancer: overview","hsa05203","Viral carcinogenesis","2/202","191/7119",0.0104712041884817,0.369032191177233,-1.51048263028931,0.974431398559261,0.9972591889576,0.975031460265719,"27044/8970",2,"KEGG","Apalu_vs_Control_DHT"
"Human Diseases","Infectious disease: viral","hsa05160","Hepatitis C","1/202","136/7119",0.00735294117647059,0.259136575422248,-1.490672970279,0.980801551323585,0.9972591889576,0.975031460265719,"3949",1,"KEGG","Apalu_vs_Control_DHT"
"Human Diseases","Infectious disease: viral","hsa05166","Human T-cell leukemia virus 1 infection","2/202","205/7119",0.00975609756097561,0.343829992755373,-1.62901246338898,0.982023952869153,0.9972591889576,0.975031460265719,"3108/113",2,"KEGG","Apalu_vs_Control_DHT"
"Cellular Processes","Cell growth and death","hsa04218","Cellular senescence","1/202","151/7119",0.00662251655629139,0.233394531506131,-1.62705451471489,0.987644882862595,0.9972591889576,0.975031460265719,"3486",1,"KEGG","Apalu_vs_Control_DHT"
"Human Diseases","Neurodegenerative disease","hsa05014","Amyotrophic lateral sclerosis","4/202","337/7119",0.0118694362017804,0.418309486735024,-1.86949293142791,0.988221972405868,0.9972591889576,0.975031460265719,"113457/112714/10718/10382",4,"KEGG","Apalu_vs_Control_DHT"
"Human Diseases","Infectious disease: bacterial","hsa05131","Shigellosis","2/202","237/7119",0.00843881856540084,0.297405689936082,-1.87982428536191,0.992088970151697,0.9972591889576,0.975031460265719,"4671/3553",2,"KEGG","Apalu_vs_Control_DHT"
"Human Diseases","Cardiovascular disease","hsa05415","Diabetic cardiomyopathy","1/202","178/7119",0.00561797752808989,0.197991990210257,-1.85171213784719,0.994425113417659,0.9972591889576,0.975031460265719,"25874",1,"KEGG","Apalu_vs_Control_DHT"
"Human Diseases","Infectious disease: viral","hsa05169","Epstein-Barr virus infection","1/202","179/7119",0.00558659217877095,0.196885889706289,-1.85960123219591,0.994587356190982,0.9972591889576,0.975031460265719,"3108",1,"KEGG","Apalu_vs_Control_DHT"
"Human Diseases","Neurodegenerative disease","hsa05022","Pathways of neurodegeneration - multiple diseases","5/202","432/7119",0.0115740740740741,0.407900165016502,-2.16978618922957,0.995176118854929,0.9972591889576,0.975031460265719,"113457/7855/112714/3553/10382",5,"KEGG","Apalu_vs_Control_DHT"
"Human Diseases","Cancer: overview","hsa05208","Chemical carcinogenesis - reactive oxygen species","1/202","202/7119",0.00495049504950495,0.174468189393197,-2.03397868949024,0.9972591889576,0.9972591889576,0.975031460265719,"8644",1,"KEGG","Apalu_vs_Control_DHT"
